id,title,score,num_comments,author,created_utc,url,over_18,edited,spoiler,stickied
1jo8l7i,Happy Monday,839,48,Vautlo,2025-03-31 17:19:45,https://i.redd.it/l7ql2ezx62se1.png,False,False,False,False
1joo4tt,Anyone else feel like data engineering is way more stressful than expected?,85,32,Big-Dwarf,2025-04-01 05:25:58,https://www.reddit.com/r/dataengineering/comments/1joo4tt/anyone_else_feel_like_data_engineering_is_way/,False,False,False,False
1jo7tps,what's your opinion?,45,43,BigCountry1227,2025-03-31 16:48:55,https://i.redd.it/woy8nd4412se1.png,False,False,False,False
1joeg88,My company adopted a stateful REST API solution I built that's run locally on every machine. I would like to deploy it to the cloud but I am not sure that's smart. Thoughts?,14,9,Double_Cost4865,2025-03-31 21:17:37,https://www.reddit.com/r/dataengineering/comments/1joeg88/my_company_adopted_a_stateful_rest_api_solution_i/,False,False,False,False
1jo8u27,Asking for different tools for SQL Server + SSIS project.,13,18,Brilliant_Breath9703,2025-03-31 17:29:30,https://www.reddit.com/r/dataengineering/comments/1jo8u27/asking_for_different_tools_for_sql_server_ssis/,False,False,False,False
1jowmzi,Found the perfect Data Dictionary tool!,18,3,secodaHQ,2025-04-01 14:15:10,https://www.reddit.com/r/dataengineering/comments/1jowmzi/found_the_perfect_data_dictionary_tool/,False,False,False,False
1jowkjn,"What Python libraries, functions, methods, etc. do data engineers frequently use during the extraction and transformation steps of their ETL work?",12,14,Original_Chipmunk941,2025-04-01 14:12:13,https://www.reddit.com/r/dataengineering/comments/1jowkjn/what_python_libraries_functions_methods_etc_do/,False,False,False,False
1jonavx,From Java to BigQuery: Should I Go All In on Data Engineering?,10,0,Previous-Peak6071,2025-04-01 04:32:32,https://www.reddit.com/r/dataengineering/comments/1jonavx/from_java_to_bigquery_should_i_go_all_in_on_data/,False,False,False,False
1jojri7,Gold layer Requirement Gathering,8,5,RslashJD,2025-04-01 01:21:48,https://www.reddit.com/r/dataengineering/comments/1jojri7/gold_layer_requirement_gathering/,False,False,False,False
1joqbrl,Time-series analysis pipeline architecture,8,1,qiicken,2025-04-01 08:03:41,https://www.reddit.com/r/dataengineering/comments/1joqbrl/timeseries_analysis_pipeline_architecture/,False,False,False,False
1jowboo,"Quack-To-SQL model : stop coding, start quacking",6,2,TransportationOk2403,2025-04-01 14:01:45,https://motherduck.com/blog/quacktosql,False,False,False,False
1jo9b0k,Operating systems and hardware available for employees in your company,3,18,VeryHardToFindAName,2025-03-31 17:48:33,https://www.reddit.com/r/dataengineering/comments/1jo9b0k/operating_systems_and_hardware_available_for/,False,False,False,False
1josncc,"Career improves, but projects don't? [discussion]",1,11,wtfzambo,2025-04-01 10:51:01,https://www.reddit.com/r/dataengineering/comments/1josncc/career_improves_but_projects_dont_discussion/,False,False,False,False
1jopqvd,What is the best approach for a Bronze layer?,2,8,Elkemao,2025-04-01 07:20:04,https://www.reddit.com/r/dataengineering/comments/1jopqvd/what_is_the_best_approach_for_a_bronze_layer/,False,False,False,False
1joxi3z,Databricks Compute. Thoughts and more.,2,0,averageflatlanders,2025-04-01 14:51:20,https://dataengineeringcentral.substack.com/p/databricks-compute-thoughts-and-more,False,False,False,False
1jot1bz,Getting data from SAP HANA to snowflake,2,4,Ra-mega-bbit,2025-04-01 11:15:13,https://www.reddit.com/r/dataengineering/comments/1jot1bz/getting_data_from_sap_hana_to_snowflake/,False,False,False,False
1jorny7,How do you build tests for processing data with variations,1,7,Sure-Government-8423,2025-04-01 09:44:04,https://www.reddit.com/r/dataengineering/comments/1jorny7/how_do_you_build_tests_for_processing_data_with/,False,False,False,False
1jowcet,Lessons from operating big ClickHouse clusters for several years,1,0,itty-bitty-birdy-tb,2025-04-01 14:02:37,https://www.reddit.com/r/dataengineering/comments/1jowcet/lessons_from_operating_big_clickhouse_clusters/,False,False,False,False
1jovty4,Making your data valuable with Data Products,1,0,frazered,2025-04-01 13:40:02,https://www.reddit.com/r/dataengineering/comments/1jovty4/making_your_data_valuable_with_data_products/,False,False,False,False
1jossd0,Newbie to DE needs help with the approach to the architecture of a project,0,3,Wild_Complaint_4688,2025-04-01 11:00:15,https://www.reddit.com/r/dataengineering/comments/1jossd0/newbie_to_de_needs_help_with_the_approach_to_the/,False,False,False,False
1jonome,"Is there a way to track inflation, cpi .. reports in real-time?",0,1,NefariousnessSea5101,2025-04-01 04:57:07,https://www.reddit.com/r/dataengineering/comments/1jonome/is_there_a_way_to_track_inflation_cpi_reports_in/,False,False,False,False
1joiqcm,Anyone try Semaphore?,0,1,drdacl,2025-04-01 00:29:49,https://www.progress.com/semaphore,False,False,False,False
1jo89r8,Ways to quickly get total rows?,0,3,Old_Tourist_3774,2025-03-31 17:06:54,https://www.reddit.com/r/dataengineering/comments/1jo89r8/ways_to_quickly_get_total_rows/,False,False,False,False
1jo9ir2,~33% faster Microsoft Fabric with e6dataâ€“ Feedback Requested,0,0,e6data,2025-03-31 17:57:18,https://www.reddit.com/r/dataengineering/comments/1jo9ir2/33_faster_microsoft_fabric_with_e6data_feedback/,False,False,False,False
